Mary,A,Mary.A@whitestratus.com,2122222345
Manuel,Ab,Manuel.Ab@whitestratus.com,2125467896
Jacob,Abc,Jacob.Abc@whitestratus.com,2122582356
John,Abcd,John.Abcd@whitestratus.com,2122542563
Calvin,Abcde,Calvin.Abcde@whitestratus.com,2122552541
David,Abcdef,David.Abcdef@whitestratus.com,2127894565
Earl,Abcdefg,Earl.Abcdefg@whitestratus.com,2122541414
Barbara,Abcdefgh,Barbara.Abcdefgh@whitestratus.com,2122355214
Filip,Abcdefghi,Filip.Abcdefghi@whitestratus.com,2128882563
Patrick,Abcdefghij,Patrick.Abcdefghij@whitestratus.com,2127975645
James,Haworth,James.Haworth@whitestratus.com,4144797730
John,Harrelson,John.Harrelson@whitestratus.com,3839991775
Robert,Hambrick,Robert.Hambrick@whitestratus.com,8956937574
Michael,Flick,Michael.Flick@whitestratus.com,8196930322
William,Edmunds,William.Edmunds@whitestratus.com,6064329702
David,Dacosta,David.Dacosta@whitestratus.com,9665719646
Richard,Crossman,Richard.Crossman@whitestratus.com,7949969859
Charles,Colston,Charles.Colston@whitestratus.com,9867525293
Joseph,Chaplin,Joseph.Chaplin@whitestratus.com,5738438641
Thomas,Carrell,Thomas.Carrell@whitestratus.com,3816959369
Christopher,Budd,Christopher.Budd@whitestratus.com,8885597591
Daniel,Weiler,Daniel.Weiler@whitestratus.com,7967932319
Paul,Waits,Paul.Waits@whitestratus.com,9833204644
Mark,Viola,Mark.Viola@whitestratus.com,1577618258
Donald,Valentino,Donald.Valentino@whitestratus.com,9112174021
George,Trantham,George.Trantham@whitestratus.com,3616358918
Kenneth,Tarr,Kenneth.Tarr@whitestratus.com,8881686294
Steven,Straight,Steven.Straight@whitestratus.com,8532845217
Edward,Solorio,Edward.Solorio@whitestratus.com,5492873295
Brian,Roebuck,Brian.Roebuck@whitestratus.com,5205288734
Ronald,Powe,Ronald.Powe@whitestratus.com,1096945955
Anthony,Plank,Anthony.Plank@whitestratus.com,6016835559
Kevin,Pettus,Kevin.Pettus@whitestratus.com,6916688415
Jason,Palm,Jason.Palm@whitestratus.com,5396125559
Matthew,Pagano,Matthew.Pagano@whitestratus.com,3992163433
Gary,Mink,Gary.Mink@whitestratus.com,7167222290
Timothy,Luker,Timothy.Luker@whitestratus.com,5024835893
Jose,Leathers,Jose.Leathers@whitestratus.com,7186194639
Larry,Joslin,Larry.Joslin@whitestratus.com,1514884294
Jeffrey,Hartzell,Jeffrey.Hartzell@whitestratus.com,7986888441
Frank,Gambrell,Frank.Gambrell@whitestratus.com,9643697709
Scott,Fears,Scott.Fears@whitestratus.com,4659682029
Eric,Deutsch,Eric.Deutsch@whitestratus.com,1826880217
Stephen,Cepeda,Stephen.Cepeda@whitestratus.com,8600635284
Andrew,Carty,Andrew.Carty@whitestratus.com,2856612352
Raymond,Caputo,Raymond.Caputo@whitestratus.com,6891209919
Gregory,Brewington,Gregory.Brewington@whitestratus.com,8266354932
Joshua,Bedell,Joshua.Bedell@whitestratus.com,9806582215
Jerry,Ballew,Jerry.Ballew@whitestratus.com,6758735217
Dennis,Applewhite,Dennis.Applewhite@whitestratus.com,4004793574
Walter,Warnock,Walter.Warnock@whitestratus.com,3623541585
Patrick,Walz,Patrick.Walz@whitestratus.com,5644332810
Peter,Urena,Peter.Urena@whitestratus.com,1972725898
Larry,Tudor,Larry.Tudor@whitestratus.com,3456746230
Jeffrey,Reel,Jeffrey.Reel@whitestratus.com,6221951068
Frank,Pigg,Frank.Pigg@whitestratus.com,1084899920
Scott,Parton,Scott.Parton@whitestratus.com,6073105148
Eric,Mickelson,Eric.Mickelson@whitestratus.com,5103637367
Stephen,Meagher,Stephen.Meagher@whitestratus.com,8617745137
Andrew,Mclellan,Andrew.Mclellan@whitestratus.com,1565978444
Raymond,Mcculley,Raymond.Mcculley@whitestratus.com,9308926101
Gregory,Mandel,Gregory.Mandel@whitestratus.com,8714691093
Joshua,Leech,Joshua.Leech@whitestratus.com,6582814006
Jerry,Lavallee,Jerry.Lavallee@whitestratus.com,6225614517
Dennis,Kraemer,Dennis.Kraemer@whitestratus.com,4110816657
Larry,Kling,Larry.Kling@whitestratus.com,9574977439
Jeffrey,Kipp,Jeffrey.Kipp@whitestratus.com,3392836808
Frank,Kingston,Frank.Kingston@whitestratus.com,8135652550
Scott,Kehoe,Scott.Kehoe@whitestratus.com,6761172080
Eric,Hochstetler,Eric.Hochstetler@whitestratus.com,3907721106
Stephen,Harriman,Stephen.Harriman@whitestratus.com,6122540993
Andrew,Gregoire,Andrew.Gregoire@whitestratus.com,6404869790
Raymond,Grabowski,Raymond.Grabowski@whitestratus.com,7567403135
Gregory,Gosselin,Gregory.Gosselin@whitestratus.com,6949421210
Joshua,Gammon,Joshua.Gammon@whitestratus.com,5005505075
Jerry,Fancher,Jerry.Fancher@whitestratus.com,9424015487
Dennis,Edens,Dennis.Edens@whitestratus.com,3840631134
Walter,Desai,Walter.Desai@whitestratus.com,3271860007
Patrick,Butt,Patrick.Butt@whitestratus.com,9230597702
Peter,Brannan,Peter.Brannan@whitestratus.com,9599366351
Larry,Armendariz,Larry.Armendariz@whitestratus.com,6276653585
Jeffrey,Woolsey,Jeffrey.Woolsey@whitestratus.com,2854139292
Frank,Whitehouse,Frank.Whitehouse@whitestratus.com,5243699162
Larry,Whetstone,Larry.Whetstone@whitestratus.com,7249379483
Jeffrey,Ussery,Jeffrey.Ussery@whitestratus.com,5310885522
Frank,Towne,Frank.Towne@whitestratus.com,1465650235
Scott,Tower,Scott.Tower@whitestratus.com,7334279403
Eric,Testa,Eric.Testa@whitestratus.com,1383990675
Stephen,Tallman,Stephen.Tallman@whitestratus.com,5569287602
Andrew,Studer,Andrew.Studer@whitestratus.com,5952024546
Raymond,Strait,Raymond.Strait@whitestratus.com,1949969119
Gregory,Steinmetz,Gregory.Steinmetz@whitestratus.com,4878213705
Joshua,Sorrells,Joshua.Sorrells@whitestratus.com,4666715640
Jerry,Sauceda,Jerry.Sauceda@whitestratus.com,7532783125
Dennis,Rolfe,Dennis.Rolfe@whitestratus.com,1103828227
Walter,Rae,Walter.Rae@whitestratus.com,7777532296
Patrick,Paddock,Patrick.Paddock@whitestratus.com,7107760566
Peter,Mitchem,Peter.Mitchem@whitestratus.com,3496665035
Larry,Mcginn,Larry.Mcginn@whitestratus.com,5913184852
Jeffrey,Mccrea,Jeffrey.Mccrea@whitestratus.com,3868932646
Frank,Luck,Frank.Luck@whitestratus.com,6404386141
Scott,Lovato,Scott.Lovato@whitestratus.com,2035725845
Clarence,Ling,Clarence.Ling@whitestratus.com,9273802436
Sean,Hazen,Sean.Hazen@whitestratus.com,3971789277
Philip,Gilpin,Philip.Gilpin@whitestratus.com,7985147059
Chris,Gaynor,Chris.Gaynor@whitestratus.com,4279307512
Johnny,Fike,Johnny.Fike@whitestratus.com,3395804769
Earl,Devoe,Earl.Devoe@whitestratus.com,1825778194
Jimmy,Delrio,Jimmy.Delrio@whitestratus.com,6551167523
Antonio,Curiel,Antonio.Curiel@whitestratus.com,2626402472
Danny,Burkhardt,Danny.Burkhardt@whitestratus.com,1425144546
Bryan,Bristol,Bryan.Bristol@whitestratus.com,2827821110
Tony,Bode,Tony.Bode@whitestratus.com,4480541764
Luis,Backus,Luis.Backus@whitestratus.com,5668843707
Mike,Alton,Mike.Alton@whitestratus.com,9077200593
Stanley,Zinn,Stanley.Zinn@whitestratus.com,8791427291
Leonard,Watanabe,Leonard.Watanabe@whitestratus.com,6134493943
Nathan,Wachter,Nathan.Wachter@whitestratus.com,6411479997
Dale,Vanpelt,Dale.Vanpelt@whitestratus.com,9175417966
Manuel,Turnage,Manuel.Turnage@whitestratus.com,1703781546
Rodney,Shaner,Rodney.Shaner@whitestratus.com,2363504544
Curtis,Schroder,Curtis.Schroder@whitestratus.com,1125387086
Norman,Sato,Norman.Sato@whitestratus.com,5581995255
Allen,Riordan,Allen.Riordan@whitestratus.com,6030220188
Marvin,Quimby,Marvin.Quimby@whitestratus.com,7658170215
Vincent,Portis,Vincent.Portis@whitestratus.com,5685823482
Glenn,Natale,Glenn.Natale@whitestratus.com,3807752486
Jeffery,Mckoy,Jeffery.Mckoy@whitestratus.com,4765930782
Travis,Mccown,Travis.Mccown@whitestratus.com,8182488517
Jeff,Marker,Jeff.Marker@whitestratus.com,8720937337
Chad,Lucio,Chad.Lucio@whitestratus.com,7634863432
Jacob,Kilmer,Jacob.Kilmer@whitestratus.com,4586874663
Lee,Karl,Lee.Karl@whitestratus.com,9756663187
Melvin,Hotchkiss,Melvin.Hotchkiss@whitestratus.com,6908665869
Alfred,Hesse,Alfred.Hesse@whitestratus.com,7558663940
Kyle,Halbert,Kyle.Halbert@whitestratus.com,7741810247
Francis,Gwinn,Francis.Gwinn@whitestratus.com,1187973386
Bradley,Godsey,Bradley.Godsey@whitestratus.com,9954468709
Jesus,Desmond,Jesus.Desmond@whitestratus.com,8567588441
Herbert,Delisle,Herbert.Delisle@whitestratus.com,6739140909
Frederick,Chrisman,Frederick.Chrisman@whitestratus.com,2580871186
Ray,Canter,Ray.Canter@whitestratus.com,8992732986
Joel,Brook,Joel.Brook@whitestratus.com,8566962019
Edwin,Arbogast,Edwin.Arbogast@whitestratus.com,6061412950
Don,Angell,Don.Angell@whitestratus.com,4661576695
Eddie,Acree,Eddie.Acree@whitestratus.com,7644162613
Ricky,Yancy,Ricky.Yancy@whitestratus.com,4852840242
Troy,Woolley,Troy.Woolley@whitestratus.com,9796070642
Randall,Wesson,Randall.Wesson@whitestratus.com,4055642611
Barry,Weatherspoon,Barry.Weatherspoon@whitestratus.com,4028258209
Alexander,Trainor,Alexander.Trainor@whitestratus.com,1499852189
Bernard,Stockman,Bernard.Stockman@whitestratus.com,5419147160
Mario,Spiller,Mario.Spiller@whitestratus.com,4153645299
Leroy,Sipe,Leroy.Sipe@whitestratus.com,6081847444
Francisco,Rooks,Francisco.Rooks@whitestratus.com,1449367349
Marcus,Reavis,Marcus.Reavis@whitestratus.com,1811815515
Micheal,Propst,Micheal.Propst@whitestratus.com,1767670927
Theodore,Porras,Theodore.Porras@whitestratus.com,4257119835
Clifford,Neilson,Clifford.Neilson@whitestratus.com,5577746296
Miguel,Mullens,Miguel.Mullens@whitestratus.com,8950159448
Oscar,Loucks,Oscar.Loucks@whitestratus.com,2978057177
Jay,Llewellyn,Jay.Llewellyn@whitestratus.com,3212609729
Jim,Lamont,Jim.Lamont@whitestratus.com,3537034112
Tom,Kumar,Tom.Kumar@whitestratus.com,2734720365
Calvin,Koester,Calvin.Koester@whitestratus.com,9121275603
Alex,Klingensmith,Alex.Klingensmith@whitestratus.com,1095698053
Jon,Kirsch,Jon.Kirsch@whitestratus.com,9476530612
Ronnie,Kester,Ronnie.Kester@whitestratus.com,9309248989
Bill,Honaker,Bill.Honaker@whitestratus.com,1050166768
Lloyd,Hodson,Lloyd.Hodson@whitestratus.com,8044119054
Tommy,Hennessy,Tommy.Hennessy@whitestratus.com,6048389899
Leon,Helmick,Leon.Helmick@whitestratus.com,2631037954
Derek,Garrity,Derek.Garrity@whitestratus.com,7036852041
Warren,Garibay,Warren.Garibay@whitestratus.com,4615351920
Darrell,Fee,Darrell.Fee@whitestratus.com,7692450904
Jerome,Drain,Jerome.Drain@whitestratus.com,1698428737
Floyd,Casarez,Floyd.Casarez@whitestratus.com,2259514534
Leo,Callis,Leo.Callis@whitestratus.com,2545291151
Alvin,Botello,Alvin.Botello@whitestratus.com,1494499380
Tim,Bay,Tim.Bay@whitestratus.com,5315157145
Wesley,Aycock,Wesley.Aycock@whitestratus.com,5573549360
Gordon,Avant,Gordon.Avant@whitestratus.com,1994351573
Dean,Angle,Dean.Angle@whitestratus.com,9734304305
Greg,Wingard,Greg.Wingard@whitestratus.com,8727194659
Jorge,Wayman,Jorge.Wayman@whitestratus.com,7076199016
Dustin,Tully,Dustin.Tully@whitestratus.com,1183671655
Pedro,Theisen,Pedro.Theisen@whitestratus.com,9539010173
Derrick,Szymanski,Derrick.Szymanski@whitestratus.com,7843869947
Dan,Stansbury,Dan.Stansbury@whitestratus.com,4440791494
Lewis,Segovia,Lewis.Segovia@whitestratus.com,5116756475
Zachary,Rudy,Zachary.Rudy@whitestratus.com,6794029396
Corey,Rainwater,Corey.Rainwater@whitestratus.com,6418848671
Herman,Preece,Herman.Preece@whitestratus.com,7329366204
Maurice,Pirtle,Maurice.Pirtle@whitestratus.com,9331063508
Vernon,Padron,Vernon.Padron@whitestratus.com,8153569036
Roberto,Mincey,Roberto.Mincey@whitestratus.com,6450641808
Clyde,Mckelvey,Clyde.Mckelvey@whitestratus.com,9426761562
Glen,Mathes,Glen.Mathes@whitestratus.com,7630099649
Hector,Marty,Hector.Marty@whitestratus.com,5759890798
Shane,Larrabee,Shane.Larrabee@whitestratus.com,9476928329
Ricardo,Kornegay,Ricardo.Kornegay@whitestratus.com,5674218703
Sam,Klug,Sam.Klug@whitestratus.com,1808280698
Rick,Judy,Rick.Judy@whitestratus.com,2107966284
Lester,Ingersoll,Lester.Ingersoll@whitestratus.com,2711070746
Brent,Hecht,Brent.Hecht@whitestratus.com,5423632618
Ramon,Germain,Ramon.Germain@whitestratus.com,8800417192
Charlie,Eggers,Charlie.Eggers@whitestratus.com,3409499482
Tyler,Dykstra,Tyler.Dykstra@whitestratus.com,6683147152
Gilbert,Denis,Gilbert.Denis@whitestratus.com,1345708344
Gene,Deering,Gene.Deering@whitestratus.com,3903998866
Marc,Decoteau,Marc.Decoteau@whitestratus.com,1998304302
Reginald,Deason,Reginald.Deason@whitestratus.com,5919257704
Ruben,Dearing,Ruben.Dearing@whitestratus.com,4898350439
Brett,Cofield,Brett.Cofield@whitestratus.com,1732608608
Angel,Carrigan,Angel.Carrigan@whitestratus.com,4646452368
Nathaniel,Brush,Nathaniel.Brush@whitestratus.com,1974549456
Rafael,Bonham,Rafael.Bonham@whitestratus.com,1916280268
Leslie,Bahr,Leslie.Bahr@whitestratus.com,4185462542
Edgar,Aucoin,Edgar.Aucoin@whitestratus.com,8818419403
Milton,Appleby,Milton.Appleby@whitestratus.com,5357071761
Raul,Almonte,Raul.Almonte@whitestratus.com,8302219017
Ben,Yager,Ben.Yager@whitestratus.com,5612448800
Chester,Womble,Chester.Womble@whitestratus.com,1775920433
Cecil,Wimmer,Cecil.Wimmer@whitestratus.com,5631585226
Duane,Weimer,Duane.Weimer@whitestratus.com,4943512309
Franklin,Vanderpool,Franklin.Vanderpool@whitestratus.com,8929489469
Andre,Stancil,Andre.Stancil@whitestratus.com,2082227035
Elmer,Sprinkle,Elmer.Sprinkle@whitestratus.com,4370273876
Brad,Romine,Brad.Romine@whitestratus.com,6559589119
Gabriel,Remington,Gabriel.Remington@whitestratus.com,6842117837
Ron,Pfaff,Ron.Pfaff@whitestratus.com,3847202206
Mitchell,Peckham,Mitchell.Peckham@whitestratus.com,2233807823
Roland,Olivera,Roland.Olivera@whitestratus.com,7650398535
Arnold,Meraz,Arnold.Meraz@whitestratus.com,4955168494
Harvey,Maze,Harvey.Maze@whitestratus.com,3944878569
Jared,Lathrop,Jared.Lathrop@whitestratus.com,3074031159
Adrian,Koehn,Adrian.Koehn@whitestratus.com,3755585687
Karl,Jonas,Karl.Jonas@whitestratus.com,6354378051
Cory,Hazelton,Cory.Hazelton@whitestratus.com,8757178310
Claude,Halvorson,Claude.Halvorson@whitestratus.com,4101294031
Erik,Hallock,Erik.Hallock@whitestratus.com,9258376918
Darryl,Haddock,Darryl.Haddock@whitestratus.com,9755482613
Jamie,Ducharme,Jamie.Ducharme@whitestratus.com,9020551735
Neil,Dehaven,Neil.Dehaven@whitestratus.com,4156727358
Jessie,Colton,Jessie.Colton@whitestratus.com,1488091226
Christian,Caruthers,Christian.Caruthers@whitestratus.com,3667004104
Javier,Brehm,Javier.Brehm@whitestratus.com,5131276818
Fernando,Bosworth,Fernando.Bosworth@whitestratus.com,2404371494
Clinton,Bost,Clinton.Bost@whitestratus.com,6852466650
Ted,Blow,Ted.Blow@whitestratus.com,3949696223
Mathew,Bias,Mathew.Bias@whitestratus.com,6761443255
Tyrone,Beeman,Tyrone.Beeman@whitestratus.com,5154685668
Darren,Basile,Darren.Basile@whitestratus.com,8562145027
Lonnie,Bane,Lonnie.Bane@whitestratus.com,7537363689
Lance,Aikens,Lance.Aikens@whitestratus.com,9786270894
Cody,Zachary,Cody.Zachary@whitestratus.com,3505657338
Julio,Wold,Julio.Wold@whitestratus.com,6466853159
Kelly,Walther,Kelly.Walther@whitestratus.com,1868497934
Kurt,Tabb,Kurt.Tabb@whitestratus.com,6875931214
Allan,Suber,Allan.Suber@whitestratus.com,3026442279
Nelson,Strawn,Nelson.Strawn@whitestratus.com,7710615771
Guy,Stocks,Guy.Stocks@whitestratus.com,9723133424
Clayton,Stocker,Clayton.Stocker@whitestratus.com,4260250102
Hugh,Shirey,Hugh.Shirey@whitestratus.com,5361014307
Max,Schlosser,Max.Schlosser@whitestratus.com,4678301919
Dwayne,Salvador,Dwayne.Salvador@whitestratus.com,7205128671
Dwight,Riedel,Dwight.Riedel@whitestratus.com,7435045466
Armando,Rembert,Armando.Rembert@whitestratus.com,7433887606
Felix,Reimer,Felix.Reimer@whitestratus.com,3559506724
Jimmie,Pyles,Jimmie.Pyles@whitestratus.com,6192223781
Everett,Pickle,Everett.Pickle@whitestratus.com,1535181638
Jordan,Peele,Jordan.Peele@whitestratus.com,2817883647
Ian,Merriweather,Ian.Merriweather@whitestratus.com,5947706395
Wallace,Letourneau,Wallace.Letourneau@whitestratus.com,9555733373
Ken,Latta,Ken.Latta@whitestratus.com,5974611005
Bob,Kidder,Bob.Kidder@whitestratus.com,6435797621
Jaime,Hixon,Jaime.Hixon@whitestratus.com,3222737483
Casey,Hillis,Casey.Hillis@whitestratus.com,1105887824
Alfredo,Hight,Alfredo.Hight@whitestratus.com,7840169115
Alberto,Herbst,Alberto.Herbst@whitestratus.com,9075204133
Dave,Henriquez,Dave.Henriquez@whitestratus.com,4055584051
Ivan,Haygood,Ivan.Haygood@whitestratus.com,4601612371
Johnnie,Hamill,Johnnie.Hamill@whitestratus.com,4229889801
Sidney,Gabel,Sidney.Gabel@whitestratus.com,2617729080
Byron,Fritts,Byron.Fritts@whitestratus.com,2138976061
Julian,Eubank,Julian.Eubank@whitestratus.com,4016160700
Isaac,Duty,Isaac.Duty@whitestratus.com,5123386418
Morris,Dawes,Morris.Dawes@whitestratus.com,7605829220
Clifton,Correll,Clifton.Correll@whitestratus.com,4884658634
Willard,Coffee,Willard.Coffee@whitestratus.com,1999317637
Daryl,Cha,Daryl.Cha@whitestratus.com,9632271498
Ross,Bushey,Ross.Bushey@whitestratus.com,2595274405
Virgil,Buchholz,Virgil.Buchholz@whitestratus.com,1722451062
Andy,Brotherton,Andy.Brotherton@whitestratus.com,3892521602
Marshall,Bridge,Marshall.Bridge@whitestratus.com,6956288712
Salvador,Botts,Salvador.Botts@whitestratus.com,5400752981
Perry,Barnwell,Perry.Barnwell@whitestratus.com,1097650274
Kirk,Auger,Kirk.Auger@whitestratus.com,4391334183
Sergio,Atchley,Sergio.Atchley@whitestratus.com,2834640588
Marion,Westphal,Marion.Westphal@whitestratus.com,3657157002
Tracy,Veilleux,Tracy.Veilleux@whitestratus.com,9583557964
Seth,Ulloa,Seth.Ulloa@whitestratus.com,3369822227
Kent,Truman,Kent.Truman@whitestratus.com,5475040649
Terrance,Stutzman,Terrance.Stutzman@whitestratus.com,5531264360
Rene,Shriver,Rene.Shriver@whitestratus.com,2925555601
Eduardo,Ryals,Eduardo.Ryals@whitestratus.com,1449651655
Terrence,Prior,Terrence.Prior@whitestratus.com,1967061986
Enrique,Pilkington,Enrique.Pilkington@whitestratus.com,5148293084
Freddie,Newport,Freddie.Newport@whitestratus.com,1555539483
Wade,Moyers,Wade.Moyers@whitestratus.com,8807231101
Austin,Miracle,Austin.Miracle@whitestratus.com,4223497217
Stuart,Marrs,Stuart.Marrs@whitestratus.com,4611123534
Fredrick,Mangrum,Fredrick.Mangrum@whitestratus.com,3408843477
Arturo,Maddux,Arturo.Maddux@whitestratus.com,7453387023
Alejandro,Lockard,Alejandro.Lockard@whitestratus.com,6228852614
Jackie,Laing,Jackie.Laing@whitestratus.com,4547819538
Joey,Kuhl,Joey.Kuhl@whitestratus.com,1469547724
Nick,Harney,Nick.Harney@whitestratus.com,1352239033
Luther,Hammock,Luther.Hammock@whitestratus.com,2153648762
Wendell,Hamlett,Wendell.Hamlett@whitestratus.com,5354206358
Jeremiah,Felker,Jeremiah.Felker@whitestratus.com,2351556669
Evan,Doerr,Evan.Doerr@whitestratus.com,1785920262
Julius,Depriest,Julius.Depriest@whitestratus.com,6949480763
Dana,Carrasquillo,Dana.Carrasquillo@whitestratus.com,3074007731
Donnie,Carothers,Donnie.Carothers@whitestratus.com,4678441868
Otis,Bogle,Otis.Bogle@whitestratus.com,3905769476
Shannon,Blood,Shannon.Blood@whitestratus.com,7474760712
Trevor,Bischoff,Trevor.Bischoff@whitestratus.com,4776092142
Oliver,Bergen,Oliver.Bergen@whitestratus.com,7297103659
Luke,Albanese,Luke.Albanese@whitestratus.com,9309401301
Homer,Wyckoff,Homer.Wyckoff@whitestratus.com,7433249144
Gerard,Vermillion,Gerard.Vermillion@whitestratus.com,6880661625
Doug,Vansickle,Doug.Vansickle@whitestratus.com,2679223528
Kenny,Thibault,Kenny.Thibault@whitestratus.com,2908289794
Hubert,Tetreault,Hubert.Tetreault@whitestratus.com,2411925990
Angelo,Stickney,Angelo.Stickney@whitestratus.com,4604779134
Shaun,Shoemake,Shaun.Shoemake@whitestratus.com,3357941453
Lyle,Ruggiero,Lyle.Ruggiero@whitestratus.com,3378987976
Matt,Rawson,Matt.Rawson@whitestratus.com,8753072217
Lynn,Racine,Lynn.Racine@whitestratus.com,3913480936
Alfonso,Philpot,Alfonso.Philpot@whitestratus.com,2186219078
Orlando,Paschal,Orlando.Paschal@whitestratus.com,2976569440
Rex,Mcelhaney,Rex.Mcelhaney@whitestratus.com,7524604471
Carlton,Mathison,Carlton.Mathison@whitestratus.com,4595062555
Ernesto,Legrand,Ernesto.Legrand@whitestratus.com,9429956462
Cameron,Lapierre,Cameron.Lapierre@whitestratus.com,3753457086
Neal,Kwan,Neal.Kwan@whitestratus.com,8142882097
Pablo,Kremer,Pablo.Kremer@whitestratus.com,9899504186
Lorenzo,Jiles,Lorenzo.Jiles@whitestratus.com,4105696119
Omar,Hilbert,Omar.Hilbert@whitestratus.com,9296530859
Wilbur,Geyer,Wilbur.Geyer@whitestratus.com,5253710545
Blake,Faircloth,Blake.Faircloth@whitestratus.com,5457252792
Grant,Ehlers,Grant.Ehlers@whitestratus.com,1082451122
Horace,Egbert,Horace.Egbert@whitestratus.com,2203191309
Roderick,Desrosiers,Roderick.Desrosiers@whitestratus.com,7531260523
Kerry,Dalrymple,Kerry.Dalrymple@whitestratus.com,4760892990
Abraham,Cotten,Abraham.Cotten@whitestratus.com,5108960785
Willis,Cashman,Willis.Cashman@whitestratus.com,5006021241
Rickey,Cadena,Rickey.Cadena@whitestratus.com,8536985136
Jean,Breeding,Jean.Breeding@whitestratus.com,2406064450
Ira,Boardman,Ira.Boardman@whitestratus.com,4315422542
Andres,Alcaraz,Andres.Alcaraz@whitestratus.com,5970234281
Cesar,Ahn,Cesar.Ahn@whitestratus.com,8286726074
Johnathan,Wyrick,Johnathan.Wyrick@whitestratus.com,5994646075
Malcolm,Therrien,Malcolm.Therrien@whitestratus.com,7878524079
Rudolph,Tankersley,Rudolph.Tankersley@whitestratus.com,9698652064
Damon,Strickler,Damon.Strickler@whitestratus.com,9599425209
Kelvin,Puryear,Kelvin.Puryear@whitestratus.com,1236465533
Rudy,Plourde,Rudy.Plourde@whitestratus.com,3077640041
Preston,Pattison,Preston.Pattison@whitestratus.com,8352497427
Alton,Pardue,Alton.Pardue@whitestratus.com,4149946469
Archie,Milan,Archie.Milan@whitestratus.com,4263859124
Marco,Mcginty,Marco.Mcginty@whitestratus.com,1329066867
Wm,Mcevoy,Wm.Mcevoy@whitestratus.com,1674550941
Pete,Landreth,Pete.Landreth@whitestratus.com,7858921678
Randolph,Kuhns,Randolph.Kuhns@whitestratus.com,9759023330
Garry,Koon,Garry.Koon@whitestratus.com,4428008027
Geoffrey,Hewett,Geoffrey.Hewett@whitestratus.com,6001803776
Jonathon,Giddens,Jonathon.Giddens@whitestratus.com,9658527517
Felipe,Everette,Felipe.Everette@whitestratus.com,7533704146
Bennie,Emerick,Bennie.Emerick@whitestratus.com,5298334636
Gerardo,Eades,Gerardo.Eades@whitestratus.com,4912238062
Ed,Deangelis,Ed.Deangelis@whitestratus.com,2990956939
Dominic,Cosme,Dominic.Cosme@whitestratus.com,5380785762
Robin,Ceballos,Robin.Ceballos@whitestratus.com,6115429371
Loren,Birdsong,Loren.Birdsong@whitestratus.com,9522217466
Delbert,Benham,Delbert.Benham@whitestratus.com,9141678752
Colin,Bemis,Colin.Bemis@whitestratus.com,1224390161
Guillermo,Armour,Guillermo.Armour@whitestratus.com,4528238708
Earnest,Anguiano,Earnest.Anguiano@whitestratus.com,7678663889
Lucas,Angeles,Lucas.Angeles@whitestratus.com,2630454611
Benny,Welborn,Benny.Welborn@whitestratus.com,7843661250
Noel,Tsosie,Noel.Tsosie@whitestratus.com,3648898175
Spencer,Storms,Spencer.Storms@whitestratus.com,9917180685
Rodolfo,Shoup,Rodolfo.Shoup@whitestratus.com,3838307326
Myron,Sessoms,Myron.Sessoms@whitestratus.com,1527422255
Edmund,Samaniego,Edmund.Samaniego@whitestratus.com,9615832755
Garrett,Rood,Garrett.Rood@whitestratus.com,3437732536
Salvatore,Rojo,Salvatore.Rojo@whitestratus.com,1763887788
Cedric,Rhinehart,Cedric.Rhinehart@whitestratus.com,2693472797
Lowell,Raby,Lowell.Raby@whitestratus.com,1790229968
Gregg,Northcutt,Gregg.Northcutt@whitestratus.com,4913834258
Sherman,Myer,Sherman.Myer@whitestratus.com,5957331921
Wilson,Munguia,Wilson.Munguia@whitestratus.com,2119296836
Devin,Morehouse,Devin.Morehouse@whitestratus.com,5588385199
Sylvester,More,Sylvester.More@whitestratus.com,3816253605
Kim,Mcdevitt,Kim.Mcdevitt@whitestratus.com,1878320170
Roosevelt,Mateo,Roosevelt.Mateo@whitestratus.com,9016393226
Israel,Mallett,Israel.Mallett@whitestratus.com,8818057381
Jermaine,Lozada,Jermaine.Lozada@whitestratus.com,1536847688
Forrest,Lemoine,Forrest.Lemoine@whitestratus.com,6550097372
Wilbert,Kuehn,Wilbert.Kuehn@whitestratus.com,4116392022
Leland,Hallett,Leland.Hallett@whitestratus.com,5449085755
Simon,Grim,Simon.Grim@whitestratus.com,8541054315
Guadalupe,Gillard,Guadalupe.Gillard@whitestratus.com,8497177784
Clark,Gaylor,Clark.Gaylor@whitestratus.com,1564515127
Irving,Garman,Irving.Garman@whitestratus.com,8063271782
Carroll,Gallaher,Carroll.Gallaher@whitestratus.com,7638856537
Bryant,Feaster,Bryant.Feaster@whitestratus.com,1788905288
Owen,Faris,Owen.Faris@whitestratus.com,2591510491
Rufus,Darrow,Rufus.Darrow@whitestratus.com,5317520431
Woodrow,Dardar,Woodrow.Dardar@whitestratus.com,3419359899
Sammy,Coney,Sammy.Coney@whitestratus.com,9435171741
Kristopher,Carreon,Kristopher.Carreon@whitestratus.com,7966418606
Mack,Byron,Mack.Byron@whitestratus.com,3336540589
Levi,Braithwaite,Levi.Braithwaite@whitestratus.com,3273479073
Marcos,Boylan,Marcos.Boylan@whitestratus.com,8493840861
Gustavo,Boyett,Gustavo.Boyett@whitestratus.com,2952373345
Jake,Born,Jake.Born@whitestratus.com,5711211609
Lionel,Bixler,Lionel.Bixler@whitestratus.com,9257728649
Marty,Bigham,Marty.Bigham@whitestratus.com,4645846142
Taylor,Benford,Taylor.Benford@whitestratus.com,6501441577
Ellis,Barragan,Ellis.Barragan@whitestratus.com,4171562907
Dallas,Barnum,Dallas.Barnum@whitestratus.com,9603178068
Gilberto,Zuber,Gilberto.Zuber@whitestratus.com,7620738417
Clint,Wyche,Clint.Wyche@whitestratus.com,8759948106
Nicolas,Westcott,Nicolas.Westcott@whitestratus.com,3419431673
Laurence,Vining,Laurence.Vining@whitestratus.com,8499058587
Ismael,Stoltzfus,Ismael.Stoltzfus@whitestratus.com,7776341333
Orville,Simonds,Orville.Simonds@whitestratus.com,2237489055
Drew,Shupe,Drew.Shupe@whitestratus.com,9035906275
Jody,Sabin,Jody.Sabin@whitestratus.com,4326438706
Ervin,Ruble,Ervin.Ruble@whitestratus.com,5353881077
Dewey,Rittenhouse,Dewey.Rittenhouse@whitestratus.com,4484992031
Al,Richman,Al.Richman@whitestratus.com,2867493022
Wilfred,Perrone,Wilfred.Perrone@whitestratus.com,3851058862
Josh,Mulholland,Josh.Mulholland@whitestratus.com,5049507162
Hugo,Millan,Hugo.Millan@whitestratus.com,9930764804
Ignacio,Meister,Ignacio.Meister@whitestratus.com,1489915405
Caleb,Mathew,Caleb.Mathew@whitestratus.com,5838412450
Tomas,Lomeli,Tomas.Lomeli@whitestratus.com,2522275296
Sheldon,Kite,Sheldon.Kite@whitestratus.com,5807435836
Erick,Jemison,Erick.Jemison@whitestratus.com,8257772353
Frankie,Hulett,Frankie.Hulett@whitestratus.com,1957447042
Stewart,Holler,Stewart.Holler@whitestratus.com,3773854443
Doyle,Hickerson,Doyle.Hickerson@whitestratus.com,1594312943
Darrel,Herold,Darrel.Herold@whitestratus.com,4230926115
Rogelio,Hazelwood,Rogelio.Hazelwood@whitestratus.com,2267695305
Terence,Griffen,Terence.Griffen@whitestratus.com,3546686289
Santiago,Gause,Santiago.Gause@whitestratus.com,8942137723
Alonzo,Forde,Alonzo.Forde@whitestratus.com,1525423955
Elias,Eisenberg,Elias.Eisenberg@whitestratus.com,7192532431
Bert,Dilworth,Bert.Dilworth@whitestratus.com,5443579305
Elbert,Charron,Elbert.Charron@whitestratus.com,4696986862
Ramiro,Chaisson,Ramiro.Chaisson@whitestratus.com,6795710500
Conrad,Brodie,Conrad.Brodie@whitestratus.com,3064317723
Pat,Bristow,Pat.Bristow@whitestratus.com,3456934969
Noah,Breunig,Noah.Breunig@whitestratus.com,9215142173
Grady,Brace,Grady.Brace@whitestratus.com,1563376311
Phil,Boutwell,Phil.Boutwell@whitestratus.com,1233276303
Cornelius,Bentz,Cornelius.Bentz@whitestratus.com,1452631233
Lamar,Belk,Lamar.Belk@whitestratus.com,9599282586
Rolando,Bayless,Rolando.Bayless@whitestratus.com,4559715009
Clay,Batchelder,Clay.Batchelder@whitestratus.com,5806512310
Percy,Baran,Percy.Baran@whitestratus.com,4084274623
Dexter,Baeza,Dexter.Baeza@whitestratus.com,6427208035
Bradford,Zimmermann,Bradford.Zimmermann@whitestratus.com,8657571176
Merle,Weathersby,Merle.Weathersby@whitestratus.com,8133781785
Darin,Volk,Darin.Volk@whitestratus.com,6357972840
Amos,Toole,Amos.Toole@whitestratus.com,9147486581
Terrell,Theis,Terrell.Theis@whitestratus.com,3972194236
Moses,Tedesco,Moses.Tedesco@whitestratus.com,7880248140
Irvin,Shine,Irvin.Shine@whitestratus.com,4954922418
Saul,Searle,Saul.Searle@whitestratus.com,2229966590
Roman,Schenck,Roman.Schenck@whitestratus.com,8837695182
Darnell,Satterwhite,Darnell.Satterwhite@whitestratus.com,7728776861
Randal,Sandy,Randal.Sandy@whitestratus.com,2824279533
Tommie,Ruelas,Tommie.Ruelas@whitestratus.com,3068621298
Timmy,Royce,Timmy.Royce@whitestratus.com,8996472166
Darrin,Rankins,Darrin.Rankins@whitestratus.com,5370965822
Winston,Partida,Winston.Partida@whitestratus.com,2010759022
Brendan,Nesbit,Brendan.Nesbit@whitestratus.com,9521896121
Toby,Morel,Toby.Morel@whitestratus.com,2563498258
Van,Menchaca,Van.Menchaca@whitestratus.com,6454338328
Abel,Levasseur,Abel.Levasseur@whitestratus.com,4218882984
Dominick,Kaylor,Dominick.Kaylor@whitestratus.com,8359208758
Boyd,Johnstone,Boyd.Johnstone@whitestratus.com,8518656051
Courtney,Hulse,Courtney.Hulse@whitestratus.com,6675817953
Jan,Hollar,Jan.Hollar@whitestratus.com,7574350936
Emilio,Hersey,Emilio.Hersey@whitestratus.com,9082032362
Elijah,Harrigan,Elijah.Harrigan@whitestratus.com,6909094256
Cary,Harbison,Cary.Harbison@whitestratus.com,8026982169
Domingo,Guyer,Domingo.Guyer@whitestratus.com,8681314954
Santos,Gish,Santos.Gish@whitestratus.com,1468809266
Aubrey,Giese,Aubrey.Giese@whitestratus.com,3833494479
Emmett,Gerlach,Emmett.Gerlach@whitestratus.com,2765589577
Marlon,Geller,Marlon.Geller@whitestratus.com,6896017301
Emanuel,Geisler,Emanuel.Geisler@whitestratus.com,2491065657
Jerald,Falcone,Jerald.Falcone@whitestratus.com,9899371362
Edmond,Ernest,Edmond.Ernest@whitestratus.com,3253990146
Emil,Elwell,Emil.Elwell@whitestratus.com,1638552239
Dewayne,Doucet,Dewayne.Doucet@whitestratus.com,3871565599
Will,Deese,Will.Deese@whitestratus.com,1134238287
Mary,Darr,Mary.Darr@whitestratus.com,5593474657
Patricia,Corder,Patricia.Corder@whitestratus.com,5101532193
Linda,Chafin,Linda.Chafin@whitestratus.com,8971933470
Barbara,Byler,Barbara.Byler@whitestratus.com,3322251519
Elizabeth,Bussell,Elizabeth.Bussell@whitestratus.com,6925811727
Jennifer,Burdett,Jennifer.Burdett@whitestratus.com,2040554769
Maria,Brasher,Maria.Brasher@whitestratus.com,2318723686
Susan,Bowe,Susan.Bowe@whitestratus.com,2296777554
Margaret,Bellinger,Margaret.Bellinger@whitestratus.com,3051313791
Dorothy,Bastian,Dorothy.Bastian@whitestratus.com,1840619808
Lisa,Barner,Lisa.Barner@whitestratus.com,3860275813
Nancy,Alleyne,Nancy.Alleyne@whitestratus.com,8505652123
Karen,Wilborn,Karen.Wilborn@whitestratus.com,5059502791
Betty,Weil,Betty.Weil@whitestratus.com,2219484572
Helen,Wegner,Helen.Wegner@whitestratus.com,7024308175
Sandra,Wales,Sandra.Wales@whitestratus.com,1735320745
Donna,Tatro,Donna.Tatro@whitestratus.com,8793835508
Carol,Spitzer,Carol.Spitzer@whitestratus.com,6106340542
Ruth,Smithers,Ruth.Smithers@whitestratus.com,7644415001
Sharon,Schoen,Sharon.Schoen@whitestratus.com,6820817678
Michelle,Resendez,Michelle.Resendez@whitestratus.com,4787655497
Laura,Pete,Laura.Pete@whitestratus.com,8113224270
Sarah,Parisi,Sarah.Parisi@whitestratus.com,9654312161
Kimberly,Overman,Kimberly.Overman@whitestratus.com,6553245074
Deborah,Obrian,Deborah.Obrian@whitestratus.com,5009241572
Jessica,Mudd,Jessica.Mudd@whitestratus.com,2145377819
Shirley,Moy,Shirley.Moy@whitestratus.com,6452616438
Cynthia,Mclaren,Cynthia.Mclaren@whitestratus.com,7263231718
Angela,Mahler,Angela.Mahler@whitestratus.com,2783930062
Melissa,Maggio,Melissa.Maggio@whitestratus.com,9324182037
Brenda,Lindner,Brenda.Lindner@whitestratus.com,7397470006
Amy,Lalonde,Amy.Lalonde@whitestratus.com,7377404718
Anna,Lacasse,Anna.Lacasse@whitestratus.com,4425714231
Rebecca,Laboy,Rebecca.Laboy@whitestratus.com,6369403476
Virginia,Killion,Virginia.Killion@whitestratus.com,9699656242
Kathleen,Kahl,Kathleen.Kahl@whitestratus.com,1351525963
Pamela,Jessen,Pamela.Jessen@whitestratus.com,7409958245
Martha,Jamerson,Martha.Jamerson@whitestratus.com,2018379928
Debra,Houk,Debra.Houk@whitestratus.com,2648303517
Amanda,Henshaw,Amanda.Henshaw@whitestratus.com,9461272040
Stephanie,Gustin,Stephanie.Gustin@whitestratus.com,2858999740
Carolyn,Groom,Carolyn.Groom@whitestratus.com,5508579330
Christine,Graber,Christine.Graber@whitestratus.com,7966924165
Marie,Durst,Marie.Durst@whitestratus.com,6918502531
Janet,Duenas,Janet.Duenas@whitestratus.com,6728063902
Catherine,Davey,Catherine.Davey@whitestratus.com,4991232341
Frances,Cundiff,Frances.Cundiff@whitestratus.com,7653823280
Ann,Conlon,Ann.Conlon@whitestratus.com,5521899415
Joyce,Colunga,Joyce.Colunga@whitestratus.com,1097572884
Diane,Coakley,Diane.Coakley@whitestratus.com,5298238282
Alice,Chiles,Alice.Chiles@whitestratus.com,2342717093
Julie,Capers,Julie.Capers@whitestratus.com,4885228381
Heather,Buell,Heather.Buell@whitestratus.com,3411462554
Teresa,Bricker,Teresa.Bricker@whitestratus.com,1997029255
Doris,Bissonnette,Doris.Bissonnette@whitestratus.com,1438473456
Gloria,Birmingham,Gloria.Birmingham@whitestratus.com,7420704130
Evelyn,Bartz,Evelyn.Bartz@whitestratus.com,3142407079
Jean,Bagby,Jean.Bagby@whitestratus.com,6891089894
Cheryl,Zayas,Cheryl.Zayas@whitestratus.com,4683935849
Mildred,Volpe,Mildred.Volpe@whitestratus.com,4926337140
Katherine,Treece,Katherine.Treece@whitestratus.com,6215271936
Joan,Toombs,Joan.Toombs@whitestratus.com,2081405860
Ashley,Thom,Ashley.Thom@whitestratus.com,2303741860
Judith,Terrazas,Judith.Terrazas@whitestratus.com,9640986167
Rose,Swinney,Rose.Swinney@whitestratus.com,7450809336
Janice,Skiles,Janice.Skiles@whitestratus.com,2003398102
Kelly,Silveira,Kelly.Silveira@whitestratus.com,9992512131
Nicole,Shouse,Nicole.Shouse@whitestratus.com,4860767586
Judy,Senn,Judy.Senn@whitestratus.com,3021778035
Christina,Rambo,Christina.Rambo@whitestratus.com,2640815649
Kathy,Ramage,Kathy.Ramage@whitestratus.com,4322039628
Theresa,Nez,Theresa.Nez@whitestratus.com,4880777775
Beverly,Moua,Beverly.Moua@whitestratus.com,7149394979
Denise,Marlin,Denise.Marlin@whitestratus.com,2288963793
Tammy,Malik,Tammy.Malik@whitestratus.com,1799280307
Irene,Langham,Irene.Langham@whitestratus.com,3877458886
Jane,Kyles,Jane.Kyles@whitestratus.com,6280196134
Lori,Holston,Lori.Holston@whitestratus.com,8453103588
Rachel,Hoagland,Rachel.Hoagland@whitestratus.com,8399358301
Marilyn,Herd,Marilyn.Herd@whitestratus.com,6377769022
Andrea,Hector,Andrea.Hector@whitestratus.com,3751341875
Kathryn,Feller,Kathryn.Feller@whitestratus.com,9742075394
Louise,Emory,Louise.Emory@whitestratus.com,1262997404
Sara,Denison,Sara.Denison@whitestratus.com,6162804428
Anne,Corliss,Anne.Corliss@whitestratus.com,1739104655
Jacqueline,Carraway,Jacqueline.Carraway@whitestratus.com,1701470865
Wanda,Burford,Wanda.Burford@whitestratus.com,3583508559
Bonnie,Bickel,Bonnie.Bickel@whitestratus.com,3881511733
Julia,Ambriz,Julia.Ambriz@whitestratus.com,7592560759
Ruby,Abercrombie,Ruby.Abercrombie@whitestratus.com,7267444412
Lois,Yamada,Lois.Yamada@whitestratus.com,7807848873
Tina,Winner,Tina.Winner@whitestratus.com,3807832696
Phyllis,Weidner,Phyllis.Weidner@whitestratus.com,8348850272
Norma,Waddle,Norma.Waddle@whitestratus.com,9111590733
Paula,Verduzco,Paula.Verduzco@whitestratus.com,3448818869
Diana,Thurmond,Diana.Thurmond@whitestratus.com,5799659609
Annie,Swindle,Annie.Swindle@whitestratus.com,1114988840
Lillian,Schrock,Lillian.Schrock@whitestratus.com,3441331000
Emily,Sanabria,Emily.Sanabria@whitestratus.com,9660427195
Robin,Rosenberger,Robin.Rosenberger@whitestratus.com,3136766875
Peggy,Probst,Peggy.Probst@whitestratus.com,5082146653
Crystal,Peabody,Crystal.Peabody@whitestratus.com,3982466824
Gladys,Olinger,Gladys.Olinger@whitestratus.com,7017544650
Rita,Neighbors,Rita.Neighbors@whitestratus.com,2231541633
Dawn,Nazario,Dawn.Nazario@whitestratus.com,5271430617
Connie,Mccafferty,Connie.Mccafferty@whitestratus.com,7816824957
Florence,Mcbroom,Florence.Mcbroom@whitestratus.com,5109000519
Tracy,Mcabee,Tracy.Mcabee@whitestratus.com,1551626756
Edna,Mazur,Edna.Mazur@whitestratus.com,6269928550
Tiffany,Matherne,Tiffany.Matherne@whitestratus.com,3508358821
Carmen,Mapes,Carmen.Mapes@whitestratus.com,6929395778
Rosa,Leverett,Rosa.Leverett@whitestratus.com,9021270425
Cindy,Killingsworth,Cindy.Killingsworth@whitestratus.com,3250434220
Grace,Heisler,Grace.Heisler@whitestratus.com,7192393183
Wendy,Griego,Wendy.Griego@whitestratus.com,5184074854
Victoria,Grande,Victoria.Grande@whitestratus.com,3989538875
Edith,Gosnell,Edith.Gosnell@whitestratus.com,7893864047
Kim,Frankel,Kim.Frankel@whitestratus.com,7767583417
Sherry,Franke,Sherry.Franke@whitestratus.com,6871050608
Sylvia,Ferrante,Sylvia.Ferrante@whitestratus.com,5486424812
Josephine,Fenn,Josephine.Fenn@whitestratus.com,5035027831
Thelma,Elmer,Thelma.Elmer@whitestratus.com,4678899482
Shannon,Ehrlich,Shannon.Ehrlich@whitestratus.com,8294257508
Sheila,Christopherso,Sheila.Christopherso@whitestratus.com,3383878104
Ethel,Chick,Ethel.Chick@whitestratus.com,3790490216
Ellen,Chasse,Ellen.Chasse@whitestratus.com,1743076377
Elaine,Chancellor,Elaine.Chancellor@whitestratus.com,8183537713
Marjorie,Caton,Marjorie.Caton@whitestratus.com,3905479056
Carrie,Brunelle,Carrie.Brunelle@whitestratus.com,4184407382
Charlotte,Bly,Charlotte.Bly@whitestratus.com,7843964914
Monica,Bloomfield,Monica.Bloomfield@whitestratus.com,6042245931
Esther,Babbitt,Esther.Babbitt@whitestratus.com,8266554035
Pauline,Azevedo,Pauline.Azevedo@whitestratus.com,1826431739
Emma,Abramson,Emma.Abramson@whitestratus.com,3059790582
Juanita,Ables,Juanita.Ables@whitestratus.com,9498095669
Anita,Abeyta,Anita.Abeyta@whitestratus.com,6097862360
Rhonda,Youmans,Rhonda.Youmans@whitestratus.com,9876615543
Hazel,Wozniak,Hazel.Wozniak@whitestratus.com,4607096193
Amber,Wainwright,Amber.Wainwright@whitestratus.com,6649489117
Eva,Summer,Eva.Summer@whitestratus.com,6146544094
Debbie,Stowell,Debbie.Stowell@whitestratus.com,7115455014
April,Smitherman,April.Smitherman@whitestratus.com,3578884896
Leslie,Sites,Leslie.Sites@whitestratus.com,5167814519
Clara,Samuelson,Clara.Samuelson@whitestratus.com,9365889234
Lucille,Runge,Lucille.Runge@whitestratus.com,9771278079
Jamie,Rule,Jamie.Rule@whitestratus.com,9351889373
Joanne,Rothman,Joanne.Rothman@whitestratus.com,3355428110
Eleanor,Rosenfeld,Eleanor.Rosenfeld@whitestratus.com,7665142131
Valerie,Quan,Valerie.Quan@whitestratus.com,7119472792
Danielle,Peake,Danielle.Peake@whitestratus.com,9226478718
Megan,Oxford,Megan.Oxford@whitestratus.com,3151566944
Alicia,Owings,Alicia.Owings@whitestratus.com,2154500624
Suzanne,Olmos,Suzanne.Olmos@whitestratus.com,3905378201
Michele,Munro,Michele.Munro@whitestratus.com,1445824453
Gail,Moreira,Gail.Moreira@whitestratus.com,4538378728
Bertha,Leatherwood,Bertha.Leatherwood@whitestratus.com,6695868421
Darlene,Larkins,Darlene.Larkins@whitestratus.com,2188900834
Veronica,Krantz,Veronica.Krantz@whitestratus.com,2721916446
Jill,Kovacs,Jill.Kovacs@whitestratus.com,9601347477
Erin,Kizer,Erin.Kizer@whitestratus.com,5373308216
Geraldine,Kindred,Geraldine.Kindred@whitestratus.com,9565881360
Lauren,Karnes,Lauren.Karnes@whitestratus.com,5643593413
Cathy,Jaffe,Cathy.Jaffe@whitestratus.com,3639862253
Joann,Hubbell,Joann.Hubbell@whitestratus.com,1392313100
Lorraine,Hosey,Lorraine.Hosey@whitestratus.com,7703383994
Lynn,Hauck,Lynn.Hauck@whitestratus.com,3137957922
Sally,Harold,Sally.Harold@whitestratus.com,6490175461
Regina,Goodell,Regina.Goodell@whitestratus.com,7579999538
Erica,Favors,Erica.Favors@whitestratus.com,6745054116
Beatrice,Erdman,Beatrice.Erdman@whitestratus.com,3139664578
Dolores,Dvorak,Dolores.Dvorak@whitestratus.com,3726543633
Bernice,Doane,Bernice.Doane@whitestratus.com,3860509135
Audrey,Cureton,Audrey.Cureton@whitestratus.com,5718549475
Yvonne,Cofer,Yvonne.Cofer@whitestratus.com,7894358152
Annette,Buehler,Annette.Buehler@whitestratus.com,3226398371
June,Bierman,June.Bierman@whitestratus.com,5489827558
Samantha,Berndt,Samantha.Berndt@whitestratus.com,7246247531
Marion,Banta,Marion.Banta@whitestratus.com,5581826485
Dana,Annis,Dana.Annis@whitestratus.com,3154969691
Stacy,Abram,Stacy.Abram@whitestratus.com,4365720323
Ana,Abdullah,Ana.Abdullah@whitestratus.com,4808305204
Renee,Warwick,Renee.Warwick@whitestratus.com,5306536634
Ida,Waltz,Ida.Waltz@whitestratus.com,5520220951
Vivian,Turcotte,Vivian.Turcotte@whitestratus.com,7713683409
Roberta,Trinh,Roberta.Trinh@whitestratus.com,5752361087
Holly,Torrey,Holly.Torrey@whitestratus.com,9058599679
Brittany,Stith,Brittany.Stith@whitestratus.com,4409551831
Melanie,Seger,Melanie.Seger@whitestratus.com,6941261921
Loretta,Sachs,Loretta.Sachs@whitestratus.com,1780516126
Yolanda,Quesada,Yolanda.Quesada@whitestratus.com,4010899308
Jeanette,Pinder,Jeanette.Pinder@whitestratus.com,2314570139
Laurie,Peppers,Laurie.Peppers@whitestratus.com,1346397487
Katie,Pascual,Katie.Pascual@whitestratus.com,8654492721
Kristen,Paschall,Kristen.Paschall@whitestratus.com,4954432391
Vanessa,Parkhurst,Vanessa.Parkhurst@whitestratus.com,1738710592
Alma,Ozuna,Alma.Ozuna@whitestratus.com,6357876721
Sue,Oster,Sue.Oster@whitestratus.com,7092390318
Elsie,Nicholls,Elsie.Nicholls@whitestratus.com,7228886053
Beth,Mortimer,Beth.Mortimer@whitestratus.com,3937876260
Jeanne,Lheureux,Jeanne.Lheureux@whitestratus.com,3837444435
Vicki,Lavalley,Vicki.Lavalley@whitestratus.com,9368550635
Carla,Kimura,Carla.Kimura@whitestratus.com,6664419897
Tara,Jablonski,Tara.Jablonski@whitestratus.com,6697953570
Rosemary,Haun,Rosemary.Haun@whitestratus.com,5087100111
Eileen,Gourley,Eileen.Gourley@whitestratus.com,4558778050
Terri,Gilligan,Terri.Gilligan@whitestratus.com,8924351945
Gertrude,Fix,Gertrude.Fix@whitestratus.com,9576927669
Lucy,Derby,Lucy.Derby@whitestratus.com,1805025582
Tonya,Croy,Tonya.Croy@whitestratus.com,4506178431
Ella,Cotto,Ella.Cotto@whitestratus.com,2731897361
Stacey,Cargill,Stacey.Cargill@whitestratus.com,5170745910
Wilma,Burwell,Wilma.Burwell@whitestratus.com,8314483635
Gina,Burgett,Gina.Burgett@whitestratus.com,7038433995
Kristin,Buckman,Kristin.Buckman@whitestratus.com,9690966861
Jessie,Brett,Jessie.Brett@whitestratus.com,6028167045
Natalie,Booher,Natalie.Booher@whitestratus.com,2790795088
Agnes,Adorno,Agnes.Adorno@whitestratus.com,8749566541
Vera,Wrenn,Vera.Wrenn@whitestratus.com,9437718876
Willie,Whittemore,Willie.Whittemore@whitestratus.com,8732057009
Charlene,Urias,Charlene.Urias@whitestratus.com,9530082671
Bessie,Szabo,Bessie.Szabo@whitestratus.com,3448618189
Delores,Sayles,Delores.Sayles@whitestratus.com,1046627153
Melinda,Saiz,Melinda.Saiz@whitestratus.com,9876480158
Pearl,Rutland,Pearl.Rutland@whitestratus.com,2103110911
Arlene,Rael,Arlene.Rael@whitestratus.com,5001059544
Maureen,Plant,Maureen.Plant@whitestratus.com,1615190751
Colleen,Pharr,Colleen.Pharr@whitestratus.com,7460987632
Allison,Penney,Allison.Penney@whitestratus.com,2093449863
Tamara,Pelkey,Tamara.Pelkey@whitestratus.com,7844076808
Joy,Ogrady,Joy.Ogrady@whitestratus.com,1398863897
Georgia,Nickell,Georgia.Nickell@whitestratus.com,4930894301
Constance,Musick,Constance.Musick@whitestratus.com,7212627445
Lillie,Moats,Lillie.Moats@whitestratus.com,7063283794
Claudia,Mather,Claudia.Mather@whitestratus.com,1628847872
Jackie,Massa,Jackie.Massa@whitestratus.com,2299727557
Marcia,Laurent,Marcia.Laurent@whitestratus.com,1622061846
Tanya,Kirschner,Tanya.Kirschner@whitestratus.com,9553199817
Nellie,Kieffer,Nellie.Kieffer@whitestratus.com,1876655231
Minnie,Kellar,Minnie.Kellar@whitestratus.com,2427087432
Marlene,Hendershot,Marlene.Hendershot@whitestratus.com,4059378250
Heidi,Gott,Heidi.Gott@whitestratus.com,3608552592
Glenda,Godoy,Glenda.Godoy@whitestratus.com,6597833342
Lydia,Gadson,Lydia.Gadson@whitestratus.com,2373861890
Viola,Furtado,Viola.Furtado@whitestratus.com,9646986592
Courtney,Fiedler,Courtney.Fiedler@whitestratus.com,6288800204
Marian,Erskine,Marian.Erskine@whitestratus.com,7402028935
Stella,Edison,Stella.Edison@whitestratus.com,2437781680
Caroline,Dutcher,Caroline.Dutcher@whitestratus.com,5038366745
Dora,Dever,Dora.Dever@whitestratus.com,6839747816
Jo,Daggett,Jo.Daggett@whitestratus.com,1169838690
Vickie,Chevalier,Vickie.Chevalier@whitestratus.com,4568449417
Mattie,Chao,Mattie.Chao@whitestratus.com,9288366005
Terry,Brake,Terry.Brake@whitestratus.com,1216465843
Maxine,Ballesteros,Maxine.Ballesteros@whitestratus.com,4444929581
Irma,Amerson,Irma.Amerson@whitestratus.com,1391476918
Mabel,Alejandro,Mabel.Alejandro@whitestratus.com,5217525391
Marsha,Wingo,Marsha.Wingo@whitestratus.com,5060120332
Myrtle,Waldon,Myrtle.Waldon@whitestratus.com,7852464554
Lena,Trott,Lena.Trott@whitestratus.com,6310975253
Christy,Spikes,Christy.Spikes@whitestratus.com,2904197141
Deanna,Silvey,Deanna.Silvey@whitestratus.com,8251328451
Patsy,Showers,Patsy.Showers@whitestratus.com,1241869556
Hilda,Schlegel,Hilda.Schlegel@whitestratus.com,9116824586
Gwendolyn,Rue,Gwendolyn.Rue@whitestratus.com,5314612246
Jennie,Ritz,Jennie.Ritz@whitestratus.com,1870717432
Nora,Pepin,Nora.Pepin@whitestratus.com,1416552148
Margie,Pelayo,Margie.Pelayo@whitestratus.com,5936674092
Nina,Parsley,Nina.Parsley@whitestratus.com,1423917251
Cassandra,Palermo,Cassandra.Palermo@whitestratus.com,2293207379
Leah,Moorehead,Leah.Moorehead@whitestratus.com,7363761524
Penny,Mchale,Penny.Mchale@whitestratus.com,4483295505
Kay,Lett,Kay.Lett@whitestratus.com,4901759971
Priscilla,Kocher,Priscilla.Kocher@whitestratus.com,3961594867
Naomi,Kilburn,Naomi.Kilburn@whitestratus.com,5857157395
Carole,Iglesias,Carole.Iglesias@whitestratus.com,4548746564
Brandy,Humble,Brandy.Humble@whitestratus.com,9250395070
Olga,Hulbert,Olga.Hulbert@whitestratus.com,3259186331
Billie,Huckaby,Billie.Huckaby@whitestratus.com,5986528244
Dianne,Hix,Dianne.Hix@whitestratus.com,4288761821
Tracey,Haven,Tracey.Haven@whitestratus.com,9098934147
Leona,Hartford,Leona.Hartford@whitestratus.com,6156366938
Jenny,Hardiman,Jenny.Hardiman@whitestratus.com,7857211238
Felicia,Gurney,Felicia.Gurney@whitestratus.com,8387300153
Sonia,Grigg,Sonia.Grigg@whitestratus.com,6372832781
Miriam,Grasso,Miriam.Grasso@whitestratus.com,2302140820
Velma,Goings,Velma.Goings@whitestratus.com,8778777075
Becky,Fillmore,Becky.Fillmore@whitestratus.com,1590358173
Bobbie,Farber,Bobbie.Farber@whitestratus.com,6362261156
Violet,Depew,Violet.Depew@whitestratus.com,6631241630
Kristina,Dandrea,Kristina.Dandrea@whitestratus.com,6901333431
Toni,Dame,Toni.Dame@whitestratus.com,8266458297
Misty,Cowen,Misty.Cowen@whitestratus.com,4882570081
Mae,Covarrubias,Mae.Covarrubias@whitestratus.com,7143202986
Shelly,Cory,Shelly.Cory@whitestratus.com,7383282888
Daisy,Burrus,Daisy.Burrus@whitestratus.com,9197182328
Ramona,Bracy,Ramona.Bracy@whitestratus.com,8013920419
Sherri,Ardoin,Sherri.Ardoin@whitestratus.com,7799835036
Erika,Thompkins,Erika.Thompkins@whitestratus.com,5133856420
Katrina,Suzuki,Katrina.Suzuki@whitestratus.com,8437837673
Claire,Standley,Claire.Standley@whitestratus.com,9093042415
Lindsey,Russel,Lindsey.Russel@whitestratus.com,2497617950
Lindsay,Radcliffe,Lindsay.Radcliffe@whitestratus.com,2921133179
Geneva,Pohl,Geneva.Pohl@whitestratus.com,3994802387
Guadalupe,Persaud,Guadalupe.Persaud@whitestratus.com,5459212816
Belinda,Percy,Belinda.Percy@whitestratus.com,7778290574
Margarita,Parenteau,Margarita.Parenteau@whitestratus.com,7543548955
Sheryl,Pabon,Sheryl.Pabon@whitestratus.com,4709607892
Cora,Newson,Cora.Newson@whitestratus.com,1037476906
Faye,Newhouse,Faye.Newhouse@whitestratus.com,3530077200
Ada,Napolitano,Ada.Napolitano@whitestratus.com,7998369713
Natasha,Mulcahy,Natasha.Mulcahy@whitestratus.com,9136411057
Sabrina,Maya,Sabrina.Maya@whitestratus.com,8686444138
Isabel,Malave,Isabel.Malave@whitestratus.com,5855580951
Marguerite,Keim,Marguerite.Keim@whitestratus.com,7523711211
Hattie,Hooten,Hattie.Hooten@whitestratus.com,5059276924
Harriet,Hernandes,Harriet.Hernandes@whitestratus.com,7157721775
Molly,Heffernan,Molly.Heffernan@whitestratus.com,6302488287
Cecilia,Hearne,Cecilia.Hearne@whitestratus.com,5649635097
Kristi,Greenleaf,Kristi.Greenleaf@whitestratus.com,3519982932
Brandi,Glick,Brandi.Glick@whitestratus.com,2933729918
Blanche,Fuhrman,Blanche.Fuhrman@whitestratus.com,2550968529
Sandy,Fetter,Sandy.Fetter@whitestratus.com,1786441231
Rosie,Faria,Rosie.Faria@whitestratus.com,6816299999
Joanna,Dishman,Joanna.Dishman@whitestratus.com,8694171519
Iris,Dickenson,Iris.Dickenson@whitestratus.com,8169724119
Eunice,Crites,Eunice.Crites@whitestratus.com,6013482328
Angie,Criss,Angie.Criss@whitestratus.com,6708091939
Inez,Clapper,Inez.Clapper@whitestratus.com,5969559156
Lynda,Chenault,Lynda.Chenault@whitestratus.com,1147338754
Madeline,Castor,Madeline.Castor@whitestratus.com,5145929613
Amelia,Casto,Amelia.Casto@whitestratus.com,5062601572
Alberta,Bugg,Alberta.Bugg@whitestratus.com,2644956703
Genevieve,Bove,Genevieve.Bove@whitestratus.com,7067062792
Monique,Bonney,Monique.Bonney@whitestratus.com,8057403964
Jodi,Blessing,Jodi.Blessing@whitestratus.com,7104169519
Janie,Ard,Janie.Ard@whitestratus.com,4845353367
Maggie,Anderton,Maggie.Anderton@whitestratus.com,5600952920
Kayla,Allgood,Kayla.Allgood@whitestratus.com,1813777412
Sonya,Alderson,Sonya.Alderson@whitestratus.com,4882830277
Jan,Woodman,Jan.Woodman@whitestratus.com,8131030119
Lee,Wisdom,Lee.Wisdom@whitestratus.com,8812147125
Kristine,Warrick,Kristine.Warrick@whitestratus.com,4019241335
Candace,Toomey,Candace.Toomey@whitestratus.com,6817474262
Fannie,Tooley,Fannie.Tooley@whitestratus.com,4667728081
Maryann,Tarrant,Maryann.Tarrant@whitestratus.com,1542952547
Opal,Summerville,Opal.Summerville@whitestratus.com,1876751187
Alison,Stebbins,Alison.Stebbins@whitestratus.com,1825449858
Yvette,Sokol,Yvette.Sokol@whitestratus.com,6845440838
Melody,Sink,Melody.Sink@whitestratus.com,6526386284
Luz,Searles,Luz.Searles@whitestratus.com,4345432790
Susie,Schutz,Susie.Schutz@whitestratus.com,8779170756
Olivia,Schumann,Olivia.Schumann@whitestratus.com,8077354817
Flora,Scheer,Flora.Scheer@whitestratus.com,5131874021
Shelley,Remillard,Shelley.Remillard@whitestratus.com,5595470761
Kristy,Raper,Kristy.Raper@whitestratus.com,6771526337
Mamie,Proulx,Mamie.Proulx@whitestratus.com,3301598145
Lula,Palmore,Lula.Palmore@whitestratus.com,1608953090
Lola,Monroy,Lola.Monroy@whitestratus.com,3479618277
Verna,Miguel,Verna.Miguel@whitestratus.com,8271157301
Beulah,Messier,Beulah.Messier@whitestratus.com,1756291843
Antoinette,Melo,Antoinette.Melo@whitestratus.com,7625547894
Candice,Melanson,Candice.Melanson@whitestratus.com,3333758879
Juana,Mashburn,Juana.Mashburn@whitestratus.com,3401248547
Jeannette,Manzano,Jeannette.Manzano@whitestratus.com,4692610687
Pam,Lussier,Pam.Lussier@whitestratus.com,1391162843
Kelli,Lovely,Kelli.Lovely@whitestratus.com,9505418070
Hannah,Lien,Hannah.Lien@whitestratus.com,8537964058
Whitney,Jenks,Whitney.Jenks@whitestratus.com,5992115763
Bridget,Huneycutt,Bridget.Huneycutt@whitestratus.com,1319195483
Karla,Hartwig,Karla.Hartwig@whitestratus.com,3420794336
Celia,Grimsley,Celia.Grimsley@whitestratus.com,4123145883
Latoya,Fulk,Latoya.Fulk@whitestratus.com,9131342612
Patty,Fielding,Patty.Fielding@whitestratus.com,6440035670
Shelia,Fidler,Shelia.Fidler@whitestratus.com,9940620145
Gayle,Engstrom,Gayle.Engstrom@whitestratus.com,3799070695
Della,Eldred,Della.Eldred@whitestratus.com,6982988217
Vicky,Dantzler,Vicky.Dantzler@whitestratus.com,1817371333
Lynne,Crandell,Lynne.Crandell@whitestratus.com,4624520552
Sheri,Ching,Sheri.Ching@whitestratus.com,3828429056
Marianne,Calder,Marianne.Calder@whitestratus.com,7343757622
Kara,Brumley,Kara.Brumley@whitestratus.com,7969953342
Jacquelyn,Breton,Jacquelyn.Breton@whitestratus.com,2607599818
Erma,Brann,Erma.Brann@whitestratus.com,5421112440
Blanca,Bramlett,Blanca.Bramlett@whitestratus.com,3101827364
Myra,Boykins,Myra.Boykins@whitestratus.com,7203070579
Leticia,Bianco,Leticia.Bianco@whitestratus.com,2192638778
Pat,Bancroft,Pat.Bancroft@whitestratus.com,5403425509
Krista,Almaraz,Krista.Almaraz@whitestratus.com,7812023669
Roxanne,Alcantar,Roxanne.Alcantar@whitestratus.com,4672257054
Angelica,Whitmer,Angelica.Whitmer@whitestratus.com,3674582815
Johnnie,Whitener,Johnnie.Whitener@whitestratus.com,8568315516
Robyn,Welton,Robyn.Welton@whitestratus.com,2297804949
Francis,Vineyard,Francis.Vineyard@whitestratus.com,6008341694
Adrienne,Su,Adrienne.Su@whitestratus.com,1969564064
Rosalie,Rahn,Rosalie.Rahn@whitestratus.com,5990415641
Alexandra,Paquin,Alexandra.Paquin@whitestratus.com,6399504538
Brooke,Mizell,Brooke.Mizell@whitestratus.com,1474982135
Bethany,Mix,Bethany.Mix@whitestratus.com,4528379700
Sadie,Mcmillin,Sadie.Mcmillin@whitestratus.com,2391620301
Bernadette,Mckean,Bernadette.Mckean@whitestratus.com,1794177622
Traci,Marston,Traci.Marston@whitestratus.com,6949174036
Jody,Maciel,Jody.Maciel@whitestratus.com,5514766185
Kendra,Lundquist,Kendra.Lundquist@whitestratus.com,9925520235
Jasmine,Louie,Jasmine.Louie@whitestratus.com,3389209707
Nichole,Liggins,Nichole.Liggins@whitestratus.com,5455386335
Rachael,Lampkin,Rachael.Lampkin@whitestratus.com,3724590930
Chelsea,Kranz,Chelsea.Kranz@whitestratus.com,9372197924
Mable,Koski,Mable.Koski@whitestratus.com,6272757668
Ernestine,Kirkham,Ernestine.Kirkham@whitestratus.com,7349111483
Muriel,Jiminez,Muriel.Jiminez@whitestratus.com,3200626986
Marcella,Hazzard,Marcella.Hazzard@whitestratus.com,3616515291
Elena,Harrod,Elena.Harrod@whitestratus.com,5319064826
Krystal,Graziano,Krystal.Graziano@whitestratus.com,4808226804
Angelina,Grammer,Angelina.Grammer@whitestratus.com,8037627731
Nadine,Gendron,Nadine.Gendron@whitestratus.com,7420892190
Kari,Garrido,Kari.Garrido@whitestratus.com,2011297384
Estelle,Fordham,Estelle.Fordham@whitestratus.com,9230266508
Dianna,Englert,Dianna.Englert@whitestratus.com,2824317705
Paulette,Elwood,Paulette.Elwood@whitestratus.com,8823321052
Lora,Dryden,Lora.Dryden@whitestratus.com,3902523568
Mona,Demoss,Mona.Demoss@whitestratus.com,5498900520
Doreen,Deluna,Doreen.Deluna@whitestratus.com,7391636570
Rosemarie,Crabb,Rosemarie.Crabb@whitestratus.com,5200328517
Angel,Comeau,Angel.Comeau@whitestratus.com,1507242215
Desiree,Claudio,Desiree.Claudio@whitestratus.com,8361200638
Antonia,Brummett,Antonia.Brummett@whitestratus.com,1190744158
Hope,Blume,Hope.Blume@whitestratus.com,6906746753
Ginger,Benally,Ginger.Benally@whitestratus.com,8836182773
Janis,Wessel,Janis.Wessel@whitestratus.com,4719123858
Betsy,Vanbuskirk,Betsy.Vanbuskirk@whitestratus.com,8298367054
Christie,Thorson,Christie.Thorson@whitestratus.com,9630360395
Freda,Stumpf,Freda.Stumpf@whitestratus.com,1668297895
Mercedes,Stockwell,Mercedes.Stockwell@whitestratus.com,3813133240
Meredith,Rocco,Meredith.Rocco@whitestratus.com,9555880631
Lynette,Reams,Lynette.Reams@whitestratus.com,4057507602
Teri,Radtke,Teri.Radtke@whitestratus.com,8268519575
Cristina,Rackley,Cristina.Rackley@whitestratus.com,3280471562
Eula,Pelton,Eula.Pelton@whitestratus.com,3429705531
Leigh,Niemi,Leigh.Niemi@whitestratus.com,4541277248
Meghan,Newland,Meghan.Newland@whitestratus.com,9629583045
Sophia,Nelsen,Sophia.Nelsen@whitestratus.com,5630332517
Eloise,Morrissette,Eloise.Morrissette@whitestratus.com,7157792540
Rochelle,Miramontes,Rochelle.Miramontes@whitestratus.com,4948647872
Gretchen,Mcginley,Gretchen.Mcginley@whitestratus.com,9438559321
Cecelia,Mccluskey,Cecelia.Mccluskey@whitestratus.com,5195420275
Raquel,Marley,Raquel.Marley@whitestratus.com,2369540068
Henrietta,Marchant,Henrietta.Marchant@whitestratus.com,1449856705
Alyssa,Luevano,Alyssa.Luevano@whitestratus.com,4425686785
Jana,Lampe,Jana.Lampe@whitestratus.com,4193857772
Kelley,Lail,Kelley.Lail@whitestratus.com,9273177758
Gwen,Jeffcoat,Gwen.Jeffcoat@whitestratus.com,7328210352
Kerry,Infante,Kerry.Infante@whitestratus.com,8692758293
Jenna,Hu,Jenna.Hu@whitestratus.com,6664814333
Tricia,Hinman,Tricia.Hinman@whitestratus.com,2528538874
Laverne,Gaona,Laverne.Gaona@whitestratus.com,9200000508
Olive,Erb,Olive.Erb@whitestratus.com,5026014972
Alexis,Eady,Alexis.Eady@whitestratus.com,2719283033
Tasha,Desmarais,Tasha.Desmarais@whitestratus.com,6106747262
Silvia,Decosta,Silvia.Decosta@whitestratus.com,3862197745
Elvira,Dansby,Elvira.Dansby@whitestratus.com,6438406895
Casey,Cisco,Casey.Cisco@whitestratus.com,4405114317
Delia,Choe,Delia.Choe@whitestratus.com,3492558146
Sophie,Breckenridge,Sophie.Breckenridge@whitestratus.com,7106704789
Kate,Bostwick,Kate.Bostwick@whitestratus.com,7218247557
Patti,Borg,Patti.Borg@whitestratus.com,3048438777
Lorena,Bianchi,Lorena.Bianchi@whitestratus.com,1164212396
Kellie,Beer,Kellie.Beer@whitestratus.com,5486767137
Sonja,Alberts,Sonja.Alberts@whitestratus.com,5328910344
Lila,Adrian,Lila.Adrian@whitestratus.com,3593917927
Lana,Wilkie,Lana.Wilkie@whitestratus.com,9028044385
Darla,Whorton,Darla.Whorton@whitestratus.com,4958493390
May,Vargo,May.Vargo@whitestratus.com,8224250444
Mindy,Tait,Mindy.Tait@whitestratus.com,6185836926
Essie,Sylvia,Essie.Sylvia@whitestratus.com,8907141266
Mandy,Soucy,Mandy.Soucy@whitestratus.com,7662809766
Lorene,Schuman,Lorene.Schuman@whitestratus.com,1381257202
Elsa,Ousley,Elsa.Ousley@whitestratus.com,1276681335
Josefina,Mumford,Josefina.Mumford@whitestratus.com,8112666472
Jeannie,Lum,Jeannie.Lum@whitestratus.com,4806943991
Miranda,Lippert,Miranda.Lippert@whitestratus.com,4470539107
Dixie,Leath,Dixie.Leath@whitestratus.com,7385844230
Lucia,Lavergne,Lucia.Lavergne@whitestratus.com,2135154344
Marta,Laliberte,Marta.Laliberte@whitestratus.com,3163297401
Faith,Kirksey,Faith.Kirksey@whitestratus.com,4050658564
Lela,Kenner,Lela.Kenner@whitestratus.com,3663693219
Johanna,Johnsen,Johanna.Johnsen@whitestratus.com,2363297909
Shari,Izzo,Shari.Izzo@whitestratus.com,8076673536
Camille,Hiles,Camille.Hiles@whitestratus.com,5382976255
Tami,Gullett,Tami.Gullett@whitestratus.com,7470045171
Shawna,Greenwell,Shawna.Greenwell@whitestratus.com,1938871286
Elisa,Gaspar,Elisa.Gaspar@whitestratus.com,1821383151
Ebony,Galbreath,Ebony.Galbreath@whitestratus.com,1875159489
Melba,Gaitan,Melba.Gaitan@whitestratus.com,4431429432
Ora,Ericson,Ora.Ericson@whitestratus.com,7928087941
Nettie,Duck,Nettie.Duck@whitestratus.com,8093407046
Tabitha,Delapaz,Tabitha.Delapaz@whitestratus.com,6479868209
Ollie,Croom,Ollie.Croom@whitestratus.com,8092300337
Jaime,Cottingham,Jaime.Cottingham@whitestratus.com,3580174184
Winifred,Clift,Winifred.Clift@whitestratus.com,1808778554
Kristie,Bushnell,Kristie.Bushnell@whitestratus.com,1686218265
Marina,Boozer,Marina.Boozer@whitestratus.com,2608218570
Alisha,Bice,Alisha.Bice@whitestratus.com,5767271948
Aimee,Bernardo,Aimee.Bernardo@whitestratus.com,8910468710
Rena,Beason,Rena.Beason@whitestratus.com,7794055500
Myrna,Arrowood,Myrna.Arrowood@whitestratus.com,4674413215
Marla,Waring,Marla.Waring@whitestratus.com,6573278477
Tammie,Voorhees,Tammie.Voorhees@whitestratus.com,8175312703
Latasha,Truax,Latasha.Truax@whitestratus.com,4951094550
Bonita,Shreve,Bonita.Shreve@whitestratus.com,4685944949
Patrice,Shockey,Patrice.Shockey@whitestratus.com,2982256695
Sherrie,Schatz,Sherrie.Schatz@whitestratus.com,8421633657
Addie,Sandifer,Addie.Sandifer@whitestratus.com,2071789185
Francine,Rubino,Francine.Rubino@whitestratus.com,4117411044
Deloris,Rozier,Deloris.Rozier@whitestratus.com,1584931058
Stacie,Roseberry,Stacie.Roseberry@whitestratus.com,5122447749
Adriana,Roll,Adriana.Roll@whitestratus.com,6781104262
Cheri,Player,Cheri.Player@whitestratus.com,2948228968
Shelby,Pieper,Shelby.Pieper@whitestratus.com,3199121290
Abigail,Peden,Abigail.Peden@whitestratus.com,2164080519
Celeste,Nester,Celeste.Nester@whitestratus.com,9418274139
Jewel,Nave,Jewel.Nave@whitestratus.com,4137992576
Cara,Murphey,Cara.Murphey@whitestratus.com,2985463670
Dorothy,Malinowski,Dorothy.Malinowski@whitestratus.com,1293433628